signature,blockTime,slot,fee,err,success,programIds,accountKeys
JXhoqL5tBvvfymNjYvS9HFB6ETRAAnENLJKvHuR2QwSm7iaEL2GRp1Zh1SisLmcsGn8nhk78wMfvq1DGDHqbgMs,2025-07-14 21:33:16,353327698,80000,,True,"[None, None, None, None, None]","['9bgDmTi7m78Sx3WQgFdEqM6o2qrFti2pQD9v8n68qqvL', '9FdJWzDpHJvbT33jhpiH5H5HKdQhgS4ZCeX8vNiNiykx', 'WESYUNpAFZJCegjhYQ4J4qq3qpC2YGxg1zzhscaWYD8', '11111111111111111111111111111111', '5RMkrrbZii9D57xUNXnUWNyoZHJG1czKJSmctAJYpump', 'ATokenGPvbdGVxr1b2hvZbsiqW5xWH25efTNsLJA8knL', 'ComputeBudget111111111111111111111111111111', 'DeJBGdMFa1uynnnKiwrVioatTuHmNLpyFKnmB5kaFdzQ', 'MJKqp326RZCHnAAbew9MDdui3iCKWco7fsK9sVuZTX2', 'SysvarRent111111111111111111111111111111111', 'TokenkegQfeZyiNwAJbNbGKPFXCWuBvf9Ss623VQ5DA']"
2KjyR2Knh37GSN9Th7aR2uPECCnNPU5oujX8LB4nLuaga829H1T4NgmiL9argNWpyJTTmsWsxRVutF63WdRkTkWn,2025-07-07 15:49:09,351748547,80000,,True,"[None, None, None, None, None]","['6o1w4y3M95F3mNqBsHFrNCtsahD3uC34B471Jmscn3jn', 'E3gth7Y6tccLdNkwWjzAdNwyV4s4HS7BuWNRcGfgvGyC', 'Fw2mugXWTDG4Cnm7zkZMrXvz9zvyEPPJvTJzuhLttb15', '11111111111111111111111111111111', '21KERX3mWN7MASWKfqGwReWgDcAczAxzyJUHhaZybonk', 'ATokenGPvbdGVxr1b2hvZbsiqW5xWH25efTNsLJA8knL', 'ComputeBudget111111111111111111111111111111', 'DeJBGdMFa1uynnnKiwrVioatTuHmNLpyFKnmB5kaFdzQ', 'MJKqp326RZCHnAAbew9MDdui3iCKWco7fsK9sVuZTX2', 'SysvarRent111111111111111111111111111111111', 'TokenkegQfeZyiNwAJbNbGKPFXCWuBvf9Ss623VQ5DA']"
HKnZxRYvL68Lf6pzVdgLxrnuJhV8gYqS9V2BoPNr796XsFtAuUtZsbXSsbD6h7LfZ4piMtg5pTxwpoUjZW18r5A,2025-06-08 10:33:47,345421585,5000,,True,"[None, None, None]","['6z67PstfStQR5BVf2SBHRpo974iBo87zoTsmWwBqkEdX', '5gduxTkTuXpPLcTYppwfHnfXqHdVRHi173Z5Ag2DX9Ar', 'GWZuhW15u11Ycd1fi96N9Lheesqbnxxq2b5JgVMzATT8', '11111111111111111111111111111111', 'ComputeBudget111111111111111111111111111111', 'MJKqp326RZCHnAAbew9MDdui3iCKWco7fsK9sVuZTX2', 'TokenkegQfeZyiNwAJbNbGKPFXCWuBvf9Ss623VQ5DA', '7wE7NvAKJ2k6WCyqH9vtFhvW1WVxm5iPT5FKb3R5FP7K', 'ATokenGPvbdGVxr1b2hvZbsiqW5xWH25efTNsLJA8knL']"
565ZhjAWNRD9ZAsngKGtykGrH8hx8ujiscGiLii1ZmjeXzH5UWWABPR9vSbzLbruTM8qzxvycToyUYKfWrr8Bpcc,2025-06-08 10:13:09,345418456,5000,,True,"[None, None]","['3EuME5fYtxuEEWwZP5PKjrdjP7GiKdkjinapo11iM7uP', 'MJKqp326RZCHnAAbew9MDdui3iCKWco7fsK9sVuZTX2', '2k3uSEFYyWAczsYyjMqPtVugqcrDjVeLTVetDUaBo8y9', '11111111111111111111111111111111']"
4A71Sgp1Eyz6HTiRUF91S67HZdh2XFxqVrJSLQHDAuNHwfQCh3XsTbaEVxbYTg3BZDfPK38C3zNuULBLCnAkvRBL,2025-06-05 01:16:49,344678008,5000,,True,"[None, None, None, None, None, None, None, None, None, None, None, None, None, None, None, None, None, None, None, None]","['6vMuna31vRDs9u9RAEF8UeCSs9CNu6j4LkXpe4Ko1gBQ', 'MJKqp326RZCHnAAbew9MDdui3iCKWco7fsK9sVuZTX2', '3EZser2eDJ1RhmNrxKoLeZUy5BDygE9RfAzMKtfrsvJt', '4muKt98TW4SHHFtX5KyfyiyYnZPa6EEAWa7esGeqUAYj', '7UgwdcGjxC8bwe458a8GxZvy6ThgQPbpbPipBen7f73o', 'A7JwL6xFgtWsi5YMTmxKs8X5t2ceexXTWGk3oKswn6So', 'B6n3Rq6W6Dy17BUzHyNmcDMcRyFU46uki6kKeb3g4sTs', 'CZgq4UkUJsGrQFEqSkr7Wtvg9RYVGdYkLEurvu48yMJG', 'EYb1BfeVKTeTJAtVpHEdb9sVNhogMfvZH8USHbhu3x4m', 'GnJGk68d8wxYCGphL6ygcHA3mw4FyYCoraaU4dywqNvU', 'JBEcwefXY2QBfD7id2XRBChdemP98wRU6NG4ZZcQ7Z9c', '11111111111111111111111111111111']"
3MWQ1pkkUxkREL2tfKfvpQtu4ouPfb9tSMYGQWJSaNytxFyZwqdsMM7K1qi5sJDreb6aU8cyTX2HxGN12E8ZcqMp,2025-06-05 01:16:49,344678008,5000,,True,"[None, None, None, None, None, None, None, None, None, None, None, None, None, None, None, None, None, None, None, None]","['6vMuna31vRDs9u9RAEF8UeCSs9CNu6j4LkXpe4Ko1gBQ', 'MJKqp326RZCHnAAbew9MDdui3iCKWco7fsK9sVuZTX2', '3EZser2eDJ1RhmNrxKoLeZUy5BDygE9RfAzMKtfrsvJt', '4muKt98TW4SHHFtX5KyfyiyYnZPa6EEAWa7esGeqUAYj', '7UgwdcGjxC8bwe458a8GxZvy6ThgQPbpbPipBen7f73o', 'A7JwL6xFgtWsi5YMTmxKs8X5t2ceexXTWGk3oKswn6So', 'B6n3Rq6W6Dy17BUzHyNmcDMcRyFU46uki6kKeb3g4sTs', 'CZgq4UkUJsGrQFEqSkr7Wtvg9RYVGdYkLEurvu48yMJG', 'EYb1BfeVKTeTJAtVpHEdb9sVNhogMfvZH8USHbhu3x4m', 'GnJGk68d8wxYCGphL6ygcHA3mw4FyYCoraaU4dywqNvU', 'JBEcwefXY2QBfD7id2XRBChdemP98wRU6NG4ZZcQ7Z9c', '11111111111111111111111111111111']"
2a2tdpwiG8mgAA7J1Z5vj7Nuo1H3rt7Rub5b1PL3R18dqH1uEvrEoSiSWtE3vZqtQRW6v1iRKUBeeX4E48JgSR2u,2025-05-14 17:29:04,340005400,80000,,True,"[None, None, None, None, None]","['ATaTMNnvJyKuyvBMRn3NSWLPTHA5tigHsT1nsyUNjBGd', 'CqhDJvpvnbwsPAqHnjHk6rjJC3mK7bTssPXEzmsrukGq', 'HfsCHMizHcFnsazx2ugaNTJkGdGki9ZPZLZXgwA9iPB9', '11111111111111111111111111111111', 'ATokenGPvbdGVxr1b2hvZbsiqW5xWH25efTNsLJA8knL', 'ComputeBudget111111111111111111111111111111', 'DeJBGdMFa1uynnnKiwrVioatTuHmNLpyFKnmB5kaFdzQ', 'MJKqp326RZCHnAAbew9MDdui3iCKWco7fsK9sVuZTX2', 'PkPKFX4Qe3KcL8ax39W6xnxHawdpfPMzB4RuAr1tray', 'SysvarRent111111111111111111111111111111111', 'TokenkegQfeZyiNwAJbNbGKPFXCWuBvf9Ss623VQ5DA']"
3wNpXTAJpwEnSTc8TLKJGzDDZzybveWuE5bjTvGUsEoARFhMZYTDuBvMSYzJgKeMtvwSVHiaonFE8wnvM6aUHq26,2025-05-12 14:05:15,339538976,5000,,True,[None],"['2GoCoQTUpDkzSkD7P5r99BdmYNyNqDvSPNMKoBcUGiZi', '8XtnN8nFEqHLBHUgvyuctJB5eLwgmWxd3WS2QD3k6mYK', '11111111111111111111111111111111', '82DKJzgbmmkrMKTm2sKcZH7fm2q1hxqQADdKbQgCpump', 'ATokenGPvbdGVxr1b2hvZbsiqW5xWH25efTNsLJA8knL', 'MJKqp326RZCHnAAbew9MDdui3iCKWco7fsK9sVuZTX2', 'TokenkegQfeZyiNwAJbNbGKPFXCWuBvf9Ss623VQ5DA']"
4Qr9Z8LHLo4qiPaz8otXFwB6iUJK8m2FPsvzABc9vr2b5Y93ZsCFE1tcstUQ3thfwAjHPY8MYXv45G1zuyBKnRYu,2025-05-01 17:45:41,337162939,5000,,True,"[None, None]","['DTt1jks9mrvYPb8gEi7SvttCfbLEhpeSaZV3x2mQXtTj', 'MJKqp326RZCHnAAbew9MDdui3iCKWco7fsK9sVuZTX2', '2k3uSEFYyWAczsYyjMqPtVugqcrDjVeLTVetDUaBo8y9', '11111111111111111111111111111111']"
3ivQzoJ7geC2Yj7YGuxvNV7juEHKcHwwjWX3mw2nWegESbwCBvysxbznTqASUXCvuLSU9K7H694ZgLWW7g4PAbbX,2025-05-01 17:39:12,337161954,80000,,True,"[None, None, None, None, None]","['DTt1iJoJDFSozTnotRrHSDJGEhHhgpWCdCYTNrKWWZVq', '4wzj3KHfWDmnJ1BKHQdy1n9aghwsuAypk8CYC32WGsYd', 'AnYYu3YhC54wMXzEFNJPiTzH4AVY9aa424eb2KUhudnX', '11111111111111111111111111111111', '4RP529Sch6tRWwd8GddGUtWXK4biUhVAX2sMJt6QYjNq', 'ATokenGPvbdGVxr1b2hvZbsiqW5xWH25efTNsLJA8knL', 'ComputeBudget111111111111111111111111111111', 'DeJBGdMFa1uynnnKiwrVioatTuHmNLpyFKnmB5kaFdzQ', 'MJKqp326RZCHnAAbew9MDdui3iCKWco7fsK9sVuZTX2', 'SysvarRent111111111111111111111111111111111', 'TokenkegQfeZyiNwAJbNbGKPFXCWuBvf9Ss623VQ5DA']"
